id,label
0,Crafts, Hobbies, Home
1,Reference
2,Engineering, Transportation
3,Engineering, Transportation
4,Crafts, Hobbies, Home
5,Engineering, Transportation
6,Calendars
7,Humor, Entertainment
8,Crafts, Hobbies, Home
9,Science, Math
10,Biographies, Memoirs
11,Sports, Outdoors
12,Engineering, Transportation
13,Computers, Technology
14,Crafts, Hobbies, Home
15,Science, Math
16,Reference
17,Engineering, Transportation
18,Literature, Fiction
19,Biographies, Memoirs
20,Humor, Entertainment
21,Sports, Outdoors
22,Sports, Outdoors
23,Computers, Technology
24,Literature, Fiction
25,Computers, Technology
26,Engineering, Transportation
27,Reference
28,Biographies, Memoirs
29,Crafts, Hobbies, Home
30,Crafts, Hobbies, Home
31,Medical Books
32,Computers, Technology
33,Computers, Technology
34,Religion, Spirituality
35,Science, Math
36,Calendars
37,Literature, Fiction
38,Humor, Entertainment
39,Science Fiction, Fantasy
40,Engineering, Transportation
41,Reference
42,Reference
43,Engineering, Transportation
44,Engineering, Transportation
45,Self Help
46,Engineering, Transportation
47,Engineering, Transportation
48,Sports, Outdoors
49,Calendars
50,Literature, Fiction
51,Engineering, Transportation
52,Education, Teaching
53,Engineering, Transportation
54,Biographies, Memoirs
55,Science, Math
56,Calendars
57,Science, Math
58,Science Fiction, Fantasy
59,Self Help
60,Science, Math
61,Sports, Outdoors
62,Sports, Outdoors
63,Biographies, Memoirs
64,Law
65,Engineering, Transportation
66,Literature, Fiction
67,Cookbooks, Food, Wine
68,Science, Math
69,Medical Books
70,Engineering, Transportation
71,Engineering, Transportation
72,Sports, Outdoors
73,Humor, Entertainment
74,Engineering, Transportation
75,Sports, Outdoors
76,Arts, Photography
77,Engineering, Transportation
78,Engineering, Transportation
79,Engineering, Transportation
80,Computers, Technology
81,Humor, Entertainment
82,Mystery, Thriller, Suspense
83,Childrens Books
84,Humor, Entertainment
85,Crafts, Hobbies, Home
86,Biographies, Memoirs
87,Literature, Fiction
88,Education, Teaching
89,Computers, Technology
90,Cookbooks, Food, Wine
91,Engineering, Transportation
92,Reference
93,Reference
94,Self Help
95,Health, Fitness, Dieting
96,Science, Math
97,Arts, Photography
98,Sports, Outdoors
99,Mystery, Thriller, Suspense
100,Literature, Fiction
101,Education, Teaching
102,Childrens Books
103,Biographies, Memoirs
104,Computers, Technology
105,Health, Fitness, Dieting
106,Engineering, Transportation
107,Health, Fitness, Dieting
108,Reference
109,Religion, Spirituality
110,Science Fiction, Fantasy
111,Engineering, Transportation
112,Computers, Technology
113,Sports, Outdoors
114,Mystery, Thriller, Suspense
115,Medical Books
116,Computers, Technology
117,Engineering, Transportation
118,Crafts, Hobbies, Home
119,Education, Teaching
120,Engineering, Transportation
121,Self Help
122,Computers, Technology
123,Crafts, Hobbies, Home
124,Computers, Technology
125,Education, Teaching
126,Computers, Technology
127,Sports, Outdoors
128,Engineering, Transportation
129,Self Help
130,Engineering, Transportation
131,Calendars
132,Crafts, Hobbies, Home
133,Science Fiction, Fantasy
134,Engineering, Transportation
135,Crafts, Hobbies, Home
136,Sports, Outdoors
137,Arts, Photography
138,Education, Teaching
139,Sports, Outdoors
140,Health, Fitness, Dieting
141,Crafts, Hobbies, Home
142,Medical Books
143,Literature, Fiction
144,Reference
145,Cookbooks, Food, Wine
146,Health, Fitness, Dieting
147,Arts, Photography
148,Reference
149,Humor, Entertainment
150,Crafts, Hobbies, Home
151,Engineering, Transportation
152,Sports, Outdoors
153,Computers, Technology
154,Computers, Technology
155,Crafts, Hobbies, Home
156,Reference
157,Reference
158,Engineering, Transportation
159,Self Help
160,Reference
161,Law
162,Engineering, Transportation
163,Health, Fitness, Dieting
164,Education, Teaching
165,Cookbooks, Food, Wine
166,Reference
167,Engineering, Transportation
168,Computers, Technology
169,Engineering, Transportation
170,Arts, Photography
171,Crafts, Hobbies, Home
172,Science Fiction, Fantasy
173,Literature, Fiction
174,Engineering, Transportation
175,Crafts, Hobbies, Home
176,Science Fiction, Fantasy
177,Humor, Entertainment
178,Childrens Books
179,Self Help
180,Reference
181,Crafts, Hobbies, Home
182,Mystery, Thriller, Suspense
183,Engineering, Transportation
184,Science Fiction, Fantasy
185,Sports, Outdoors
186,Engineering, Transportation
187,Health, Fitness, Dieting
188,Engineering, Transportation
189,Engineering, Transportation
190,Computers, Technology
191,Health, Fitness, Dieting
192,Arts, Photography
193,Science, Math
194,Sports, Outdoors
195,Crafts, Hobbies, Home
196,Reference
197,Mystery, Thriller, Suspense
198,Engineering, Transportation
199,Literature, Fiction
200,Cookbooks, Food, Wine
201,Engineering, Transportation
202,Crafts, Hobbies, Home
203,Engineering, Transportation
204,Crafts, Hobbies, Home
205,Science, Math
206,Computers, Technology
207,Science, Math
208,Crafts, Hobbies, Home
209,Science Fiction, Fantasy
210,Humor, Entertainment
211,Engineering, Transportation
212,Calendars
213,Calendars
214,Calendars
215,Humor, Entertainment
216,Calendars
217,Calendars
218,Calendars
219,Calendars
220,Calendars
221,Calendars
222,Calendars
223,Reference
224,Calendars
225,Calendars
226,Calendars
227,Calendars
228,Calendars
229,Calendars
230,Science Fiction, Fantasy
231,Calendars
232,Calendars
233,Calendars
234,Calendars
235,Calendars
236,Calendars
237,Calendars
238,Calendars
239,Calendars
240,Calendars
241,Calendars
242,Calendars
243,Calendars
244,Calendars
245,Calendars
246,Calendars
247,Calendars
248,Calendars
249,Calendars
250,Calendars
251,Calendars
252,Calendars
253,Calendars
254,Calendars
255,Calendars
256,Sports, Outdoors
257,Calendars
258,Calendars
259,Calendars
260,Calendars
261,Calendars
262,Calendars
263,Calendars
264,Calendars
265,Calendars
266,Calendars
267,Humor, Entertainment
268,Calendars
269,Calendars
270,Calendars
271,Calendars
272,Calendars
273,Calendars
274,Calendars
275,Calendars
276,Calendars
277,Calendars
278,Calendars
279,Calendars
280,Calendars
281,Science Fiction, Fantasy
282,Calendars
283,Calendars
284,Computers, Technology
285,Reference
286,Computers, Technology
287,Engineering, Transportation
288,Computers, Technology
289,Computers, Technology
290,Computers, Technology
291,Medical Books
292,Computers, Technology
293,Computers, Technology
294,Computers, Technology
295,Computers, Technology
296,Computers, Technology
297,Computers, Technology
298,Computers, Technology
299,Reference
300,Computers, Technology
301,Computers, Technology
302,Computers, Technology
303,Computers, Technology
304,Computers, Technology
305,Cookbooks, Food, Wine
306,Computers, Technology
307,Education, Teaching
308,Computers, Technology
309,Crafts, Hobbies, Home
310,Crafts, Hobbies, Home
311,Medical Books
312,Engineering, Transportation
313,Computers, Technology
314,Computers, Technology
315,Computers, Technology
316,Computers, Technology
317,Science, Math
318,Computers, Technology
319,Science, Math
320,Computers, Technology
321,Computers, Technology
322,Computers, Technology
323,Engineering, Transportation
324,Engineering, Transportation
325,Health, Fitness, Dieting
326,Computers, Technology
327,Computers, Technology
328,Computers, Technology
329,Medical Books
330,Engineering, Transportation
331,Engineering, Transportation
332,Engineering, Transportation
333,Sports, Outdoors
334,Computers, Technology
335,Computers, Technology
336,Computers, Technology
337,Engineering, Transportation
338,Reference
339,Literature, Fiction
340,Computers, Technology
341,Crafts, Hobbies, Home
342,Computers, Technology
343,Computers, Technology
344,Computers, Technology
345,Reference
346,Humor, Entertainment
347,Computers, Technology
348,Computers, Technology
349,Reference
350,Literature, Fiction
351,Computers, Technology
352,Engineering, Transportation
353,Computers, Technology
354,Science, Math
355,Computers, Technology
356,Computers, Technology
357,Computers, Technology
358,Computers, Technology
359,Computers, Technology
360,Computers, Technology
361,Computers, Technology
362,Reference
363,Computers, Technology
364,Computers, Technology
365,Computers, Technology
366,Computers, Technology
367,Computers, Technology
368,Computers, Technology
369,Computers, Technology
370,Computers, Technology
371,Computers, Technology
372,Computers, Technology
373,Computers, Technology
374,Computers, Technology
375,Engineering, Transportation
376,Education, Teaching
377,Humor, Entertainment
378,Biographies, Memoirs
379,Engineering, Transportation
380,Computers, Technology
381,Computers, Technology
382,Computers, Technology
383,Computers, Technology
384,Computers, Technology
385,Engineering, Transportation
386,Computers, Technology
387,Computers, Technology
388,Science, Math
389,Computers, Technology
390,Religion, Spirituality
391,Computers, Technology
392,Computers, Technology
393,Computers, Technology
394,Self Help
395,Science Fiction, Fantasy
396,Computers, Technology
397,Computers, Technology
398,Engineering, Transportation
399,Engineering, Transportation
400,Science, Math
401,Computers, Technology
402,Computers, Technology
403,Computers, Technology
404,Computers, Technology
405,Engineering, Transportation
406,Computers, Technology
407,Computers, Technology
408,Computers, Technology
409,Computers, Technology
410,Computers, Technology
411,Computers, Technology
412,Engineering, Transportation
413,Crafts, Hobbies, Home
414,Engineering, Transportation
415,Computers, Technology
416,Computers, Technology
417,Computers, Technology
418,Computers, Technology
419,Computers, Technology
420,Crafts, Hobbies, Home
421,Computers, Technology
422,Computers, Technology
423,Self Help
424,Computers, Technology
425,Education, Teaching
426,Computers, Technology
427,Computers, Technology
428,Computers, Technology
429,Science, Math
430,Computers, Technology
431,Engineering, Transportation
432,Crafts, Hobbies, Home
433,Computers, Technology
434,Engineering, Transportation
435,Sports, Outdoors
436,Computers, Technology
437,Computers, Technology
438,Computers, Technology
439,Engineering, Transportation
440,Computers, Technology
441,Computers, Technology
442,Computers, Technology
443,Computers, Technology
444,Computers, Technology
445,Computers, Technology
446,Computers, Technology
447,Computers, Technology
448,Computers, Technology
449,Computers, Technology
450,Sports, Outdoors
451,Computers, Technology
452,Self Help
453,Literature, Fiction
454,Computers, Technology
455,Computers, Technology
456,Computers, Technology
457,Health, Fitness, Dieting
458,Science, Math
459,Computers, Technology
460,Education, Teaching
461,Computers, Technology
462,Computers, Technology
463,Crafts, Hobbies, Home
464,Computers, Technology
465,Computers, Technology
466,Computers, Technology
467,Computers, Technology
468,Computers, Technology
469,Computers, Technology
470,Sports, Outdoors
471,Computers, Technology
472,Computers, Technology
473,Computers, Technology
474,Engineering, Transportation
475,Humor, Entertainment
476,Computers, Technology
477,Science, Math
478,Engineering, Transportation
479,Computers, Technology
480,Reference
481,Computers, Technology
482,Computers, Technology
483,Crafts, Hobbies, Home
484,Reference
485,Computers, Technology
486,Crafts, Hobbies, Home
487,Computers, Technology
488,Computers, Technology
489,Computers, Technology
490,Engineering, Transportation
491,Computers, Technology
492,Computers, Technology
493,Science, Math
494,Computers, Technology
495,Reference
496,Crafts, Hobbies, Home
497,Computers, Technology
498,Medical Books
499,Crafts, Hobbies, Home
500,Computers, Technology
501,Computers, Technology
502,Arts, Photography
503,Computers, Technology
504,Science, Math
505,Computers, Technology
506,Computers, Technology
507,Crafts, Hobbies, Home
508,Computers, Technology
509,Computers, Technology
510,Engineering, Transportation
511,Computers, Technology
512,Self Help
513,Computers, Technology
514,Computers, Technology
515,Engineering, Transportation
516,Computers, Technology
517,Crafts, Hobbies, Home
518,Computers, Technology
519,Computers, Technology
520,Medical Books
521,Mystery, Thriller, Suspense
522,Engineering, Transportation
523,Engineering, Transportation
524,Computers, Technology
525,Crafts, Hobbies, Home
526,Sports, Outdoors
527,Engineering, Transportation
528,Computers, Technology
529,Computers, Technology
530,Engineering, Transportation
531,Engineering, Transportation
532,Sports, Outdoors
533,Computers, Technology
534,Law
535,Computers, Technology
536,Computers, Technology
537,Computers, Technology
538,Law
539,Computers, Technology
540,Computers, Technology
541,Computers, Technology
542,Computers, Technology
543,Engineering, Transportation
544,Computers, Technology
545,Computers, Technology
546,Computers, Technology
547,Sports, Outdoors
548,Computers, Technology
549,Arts, Photography
550,Computers, Technology
551,Computers, Technology
552,Science, Math
553,Crafts, Hobbies, Home
554,Engineering, Transportation
555,Engineering, Transportation
556,Engineering, Transportation
557,Engineering, Transportation
558,Health, Fitness, Dieting
559,Engineering, Transportation
560,Engineering, Transportation
561,Law
562,Sports, Outdoors
563,Education, Teaching
564,Engineering, Transportation
565,Computers, Technology
566,Science, Math
567,Engineering, Transportation
568,Engineering, Transportation
569,Law
570,Engineering, Transportation
571,Science, Math
572,Education, Teaching
573,Engineering, Transportation
574,Computers, Technology
575,Self Help
576,Science, Math
577,Engineering, Transportation
578,Engineering, Transportation
579,Engineering, Transportation
580,Engineering, Transportation
581,Engineering, Transportation
582,Engineering, Transportation
583,Engineering, Transportation
584,Engineering, Transportation
585,Literature, Fiction
586,Engineering, Transportation
587,Literature, Fiction
588,Sports, Outdoors
589,Engineering, Transportation
590,Computers, Technology
591,Engineering, Transportation
592,Engineering, Transportation
593,Engineering, Transportation
594,Self Help
595,Engineering, Transportation
596,Computers, Technology
597,Crafts, Hobbies, Home
598,Engineering, Transportation
599,Crafts, Hobbies, Home
600,Computers, Technology
601,Science, Math
602,Sports, Outdoors
603,Health, Fitness, Dieting
604,Engineering, Transportation
605,Science, Math
606,Crafts, Hobbies, Home
607,Calendars
608,Science, Math
609,Sports, Outdoors
610,Education, Teaching
611,Science, Math
612,Engineering, Transportation
613,Computers, Technology
614,Engineering, Transportation
615,Medical Books
616,Engineering, Transportation
617,Sports, Outdoors
618,Engineering, Transportation
619,Sports, Outdoors
620,Parenting, Relationships
621,Engineering, Transportation
622,Crafts, Hobbies, Home
623,Science, Math
624,Biographies, Memoirs
625,Crafts, Hobbies, Home
626,Engineering, Transportation
627,Medical Books
628,Engineering, Transportation
629,Engineering, Transportation
630,Engineering, Transportation
631,Sports, Outdoors
632,Engineering, Transportation
633,Engineering, Transportation
634,Engineering, Transportation
635,Computers, Technology
636,Engineering, Transportation
637,Crafts, Hobbies, Home
638,Sports, Outdoors
639,Health, Fitness, Dieting
640,Engineering, Transportation
641,Science, Math
642,Engineering, Transportation
643,Reference
644,Engineering, Transportation
645,Computers, Technology
646,Engineering, Transportation
647,Computers, Technology
648,Medical Books
649,Engineering, Transportation
650,Engineering, Transportation
651,Sports, Outdoors
652,Sports, Outdoors
653,Engineering, Transportation
654,Science, Math
655,Engineering, Transportation
656,Engineering, Transportation
657,Engineering, Transportation
658,Reference
659,Engineering, Transportation
660,Engineering, Transportation
661,Engineering, Transportation
662,Science, Math
663,Engineering, Transportation
664,Calendars
665,Medical Books
666,Sports, Outdoors
667,Engineering, Transportation
668,Engineering, Transportation
669,Engineering, Transportation
670,Engineering, Transportation
671,Engineering, Transportation
672,Engineering, Transportation
673,Sports, Outdoors
674,Engineering, Transportation
675,Engineering, Transportation
676,Engineering, Transportation
677,Computers, Technology
678,Computers, Technology
679,Science, Math
680,Computers, Technology
681,Engineering, Transportation
682,Engineering, Transportation
683,Engineering, Transportation
684,Education, Teaching
685,Engineering, Transportation
686,Engineering, Transportation
687,Medical Books
688,Sports, Outdoors
689,Engineering, Transportation
690,Reference
691,Engineering, Transportation
692,Engineering, Transportation
693,Biographies, Memoirs
694,Engineering, Transportation
695,Sports, Outdoors
696,Reference
697,Engineering, Transportation
698,Engineering, Transportation
699,Engineering, Transportation
700,Computers, Technology
701,Engineering, Transportation
702,Computers, Technology
703,Law
704,Science, Math
705,Science, Math
706,Engineering, Transportation
707,Engineering, Transportation
708,Health, Fitness, Dieting
709,Engineering, Transportation
710,Education, Teaching
711,Science Fiction, Fantasy
712,Engineering, Transportation
713,Computers, Technology
714,Computers, Technology
715,Computers, Technology
716,Biographies, Memoirs
717,Engineering, Transportation
718,Engineering, Transportation
719,Education, Teaching
720,Computers, Technology
721,Science, Math
722,Engineering, Transportation
723,Engineering, Transportation
724,Mystery, Thriller, Suspense
725,Computers, Technology
726,Engineering, Transportation
727,Crafts, Hobbies, Home
728,Engineering, Transportation
729,Engineering, Transportation
730,Engineering, Transportation
731,Engineering, Transportation
732,Crafts, Hobbies, Home
733,Engineering, Transportation
734,Engineering, Transportation
735,Science, Math
736,Computers, Technology
737,Medical Books
738,Engineering, Transportation
739,Engineering, Transportation
740,Arts, Photography
741,Science, Math
742,Reference
743,Engineering, Transportation
744,Engineering, Transportation
745,Engineering, Transportation
746,Humor, Entertainment
747,Engineering, Transportation
748,Cookbooks, Food, Wine
749,Medical Books
750,Biographies, Memoirs
751,Science Fiction, Fantasy
752,Science, Math
753,Engineering, Transportation
754,Science, Math
755,Engineering, Transportation
756,Engineering, Transportation
757,Law
758,Literature, Fiction
759,Arts, Photography
760,Engineering, Transportation
761,Computers, Technology
762,Biographies, Memoirs
763,Engineering, Transportation
764,Science, Math
765,Computers, Technology
766,Engineering, Transportation
767,Computers, Technology
768,Engineering, Transportation
769,Science, Math
770,Engineering, Transportation
771,Engineering, Transportation
772,Engineering, Transportation
773,Science, Math
774,Crafts, Hobbies, Home
775,Sports, Outdoors
776,Science Fiction, Fantasy
777,Literature, Fiction
778,Engineering, Transportation
779,Engineering, Transportation
780,Engineering, Transportation
781,Health, Fitness, Dieting
782,Engineering, Transportation
783,Engineering, Transportation
784,Engineering, Transportation
785,Computers, Technology
786,Engineering, Transportation
787,Engineering, Transportation
788,Engineering, Transportation
789,Health, Fitness, Dieting
790,Engineering, Transportation
791,Engineering, Transportation
792,Health, Fitness, Dieting
793,Engineering, Transportation
794,Science Fiction, Fantasy
795,Engineering, Transportation
796,Crafts, Hobbies, Home
797,Science, Math
798,Science, Math
799,Engineering, Transportation
800,Computers, Technology
801,Engineering, Transportation
802,Computers, Technology
803,Sports, Outdoors
804,Engineering, Transportation
805,Engineering, Transportation
806,Engineering, Transportation
807,Computers, Technology
808,Sports, Outdoors
809,Science, Math
810,Science, Math
811,Biographies, Memoirs
812,Engineering, Transportation
813,Engineering, Transportation
814,Engineering, Transportation
815,Engineering, Transportation
816,Test Preparation
817,Engineering, Transportation
818,Engineering, Transportation
819,Crafts, Hobbies, Home
820,Engineering, Transportation
821,Engineering, Transportation
822,Engineering, Transportation
823,Engineering, Transportation
824,Reference
825,Medical Books
826,Engineering, Transportation
827,Science Fiction, Fantasy
828,Engineering, Transportation
829,Computers, Technology
830,Self Help
831,Engineering, Transportation
832,Engineering, Transportation
833,Engineering, Transportation
834,Science Fiction, Fantasy
835,Engineering, Transportation
836,Crafts, Hobbies, Home
837,Computers, Technology
838,Science, Math
839,Engineering, Transportation
840,Engineering, Transportation
841,Engineering, Transportation
842,Science, Math
843,Engineering, Transportation
844,Engineering, Transportation
845,Engineering, Transportation
846,Engineering, Transportation
847,Engineering, Transportation
848,Science, Math
849,Engineering, Transportation
850,Engineering, Transportation
851,Science, Math
852,Engineering, Transportation
853,Science, Math
854,Engineering, Transportation
855,Science Fiction, Fantasy
856,Engineering, Transportation
857,Crafts, Hobbies, Home
858,Science, Math
859,Engineering, Transportation
860,Science, Math
861,Engineering, Transportation
862,Sports, Outdoors
863,Law
864,Calendars
865,Law
866,Computers, Technology
867,Engineering, Transportation
868,Engineering, Transportation
869,Engineering, Transportation
870,Health, Fitness, Dieting
871,Engineering, Transportation
872,Engineering, Transportation
873,Engineering, Transportation
874,Health, Fitness, Dieting
875,Engineering, Transportation
876,Literature, Fiction
877,Engineering, Transportation
878,Engineering, Transportation
879,Engineering, Transportation
880,Biographies, Memoirs
881,Sports, Outdoors
882,Self Help
883,Sports, Outdoors
884,Health, Fitness, Dieting
885,Computers, Technology
886,Engineering, Transportation
887,Engineering, Transportation
888,Engineering, Transportation
889,Biographies, Memoirs
890,Engineering, Transportation
891,Engineering, Transportation
892,Engineering, Transportation
893,Engineering, Transportation
894,Mystery, Thriller, Suspense
895,Science, Math
896,Sports, Outdoors
897,Sports, Outdoors
898,Engineering, Transportation
899,Computers, Technology
900,Humor, Entertainment
901,Reference
902,Engineering, Transportation
903,Engineering, Transportation
904,Engineering, Transportation
905,Engineering, Transportation
906,Engineering, Transportation
907,Engineering, Transportation
908,Science, Math
909,Reference
910,Reference
911,Reference
912,Science Fiction, Fantasy
913,Reference
914,Test Preparation
915,Sports, Outdoors
916,Computers, Technology
917,Crafts, Hobbies, Home
918,Education, Teaching
919,Engineering, Transportation
920,Engineering, Transportation
921,Reference
922,Reference
923,Crafts, Hobbies, Home
924,Reference
925,Reference
926,Reference
927,Parenting, Relationships
928,Reference
929,Reference
930,Reference
931,Engineering, Transportation
932,Reference
933,Humor, Entertainment
934,Engineering, Transportation
935,Engineering, Transportation
936,Reference
937,Reference
938,Reference
939,Science Fiction, Fantasy
940,Crafts, Hobbies, Home
941,Computers, Technology
942,Computers, Technology
943,Literature, Fiction
944,Crafts, Hobbies, Home
945,Reference
946,Reference
947,Reference
948,Crafts, Hobbies, Home
949,Reference
950,Reference
951,Reference
952,Crafts, Hobbies, Home
953,Sports, Outdoors
954,Reference
955,Humor, Entertainment
956,Sports, Outdoors
957,Crafts, Hobbies, Home
958,Reference
959,Reference
960,Humor, Entertainment
961,Computers, Technology
962,Medical Books
963,Law
964,Religion, Spirituality
965,Self Help
966,Crafts, Hobbies, Home
967,Literature, Fiction
968,Medical Books
969,Literature, Fiction
970,Religion, Spirituality
971,Education, Teaching
972,Law
973,Childrens Books
974,Self Help
975,Science Fiction, Fantasy
976,Science, Math
977,Parenting, Relationships
978,Crafts, Hobbies, Home
979,Law
980,Religion, Spirituality
981,Science, Math
982,Biographies, Memoirs
983,Science, Math
984,Education, Teaching
985,Education, Teaching
986,Reference
987,Science Fiction, Fantasy
988,Self Help
989,Religion, Spirituality
990,Education, Teaching
991,Mystery, Thriller, Suspense
992,Self Help
993,Sports, Outdoors
994,Self Help
995,Law
996,Religion, Spirituality
997,Law
998,Health, Fitness, Dieting
999,Law
1000,Literature, Fiction
1001,Self Help
1002,Health, Fitness, Dieting
1003,Literature, Fiction
1004,Self Help
1005,Literature, Fiction
1006,Test Preparation
1007,Literature, Fiction
1008,Science, Math
1009,Self Help
1010,Self Help
1011,Science Fiction, Fantasy
1012,Health, Fitness, Dieting
1013,Medical Books
1014,Biographies, Memoirs
1015,Religion, Spirituality
1016,Crafts, Hobbies, Home
1017,Literature, Fiction
1018,Reference
1019,Mystery, Thriller, Suspense
1020,Health, Fitness, Dieting
1021,Science, Math
1022,Sports, Outdoors
1023,Literature, Fiction
